{"cameraMode":{"drawMode":0,"name":"Shaded","section":"Shading Mode"},"sceneLighting":true,"audioPlay":false,"sceneViewState":{"showFog":true,"showMaterialUpdate":false,"showSkybox":true,"showFlares":true,"showImageEffects":true,"showParticleSystems":true},"in2DMode":false,"pivot":{"x":-33.982975006103519,"y":2.2888917922973635,"z":26.295612335205079},"rotation":{"x":-0.22568389773368836,"y":0.669050931930542,"z":-0.22498556971549989,"w":-0.6715111136436462},"size":8.353998184204102,"orthographic":true}