{"cameraMode":{"drawMode":0,"name":"Shaded","section":"Shading Mode"},"sceneLighting":true,"audioPlay":false,"sceneViewState":{"showFog":true,"showMaterialUpdate":false,"showSkybox":true,"showFlares":true,"showImageEffects":true,"showParticleSystems":true},"in2DMode":false,"pivot":{"x":-0.4076324701309204,"y":2.288881301879883,"z":7.941063404083252},"rotation":{"x":0.3464997410774231,"y":0.35518506169319155,"z":-0.14328128099441529,"w":0.8564146757125855},"size":8.636956214904786,"orthographic":true}