{"cameraMode":{"drawMode":0,"name":"Shaded","section":"Shading Mode"},"sceneLighting":false,"audioPlay":false,"sceneViewState":{"showFog":true,"showMaterialUpdate":false,"showSkybox":false,"showFlares":true,"showImageEffects":true,"showParticleSystems":true},"in2DMode":false,"pivot":{"x":-1.2766523361206055,"y":0.8566031455993652,"z":62.91838836669922},"rotation":{"x":-0.37186163663864138,"y":0.2688130736351013,"z":-0.1135282889008522,"w":-0.8812985420227051},"size":46.364295959472659,"orthographic":true}