{"cameraMode":{"drawMode":0,"name":"Shaded","section":"Shading Mode"},"sceneLighting":false,"audioPlay":false,"sceneViewState":{"showFog":true,"showMaterialUpdate":false,"showSkybox":false,"showFlares":true,"showImageEffects":true,"showParticleSystems":true},"in2DMode":false,"pivot":{"x":-0.3779999911785126,"y":0.15700000524520875,"z":-0.699999988079071},"rotation":{"x":0.008728282526135445,"y":0.6143391132354736,"z":-0.006387227680534124,"w":0.7891106605529785},"size":0.8573652505874634,"orthographic":false}