{"cameraMode":{"drawMode":0,"name":"Shaded","section":"Shading Mode"},"sceneLighting":false,"audioPlay":false,"sceneViewState":{"showFog":true,"showMaterialUpdate":false,"showSkybox":false,"showFlares":true,"showImageEffects":true,"showParticleSystems":true},"in2DMode":false,"pivot":{"x":1.0789999961853028,"y":0.16699999570846559,"z":0.0},"rotation":{"x":0.24979767203330995,"y":-0.36474618315696719,"z":0.10230124741792679,"w":0.8911799788475037},"size":0.6211399435997009,"orthographic":true}