{"cameraMode":{"drawMode":0,"name":"Shaded","section":"Shading Mode"},"sceneLighting":false,"audioPlay":false,"sceneViewState":{"showFog":true,"showMaterialUpdate":false,"showSkybox":false,"showFlares":true,"showImageEffects":true,"showParticleSystems":true},"in2DMode":false,"pivot":{"x":-26.220972061157228,"y":2.7321739196777345,"z":11.52941608428955},"rotation":{"x":-0.002231183461844921,"y":0.8513382077217102,"z":-0.5246697068214417,"w":-0.003560821060091257},"size":4.579006671905518,"orthographic":false}