{"cameraMode":{"drawMode":0,"name":"Shaded","section":"Shading Mode"},"sceneLighting":false,"audioPlay":false,"sceneViewState":{"showFog":true,"showMaterialUpdate":false,"showSkybox":false,"showFlares":true,"showImageEffects":true,"showParticleSystems":true},"in2DMode":false,"pivot":{"x":-5.429117202758789,"y":0.6047492027282715,"z":9.686007499694825},"rotation":{"x":-0.37186163663864138,"y":0.2688130736351013,"z":-0.1135282889008522,"w":-0.8812985420227051},"size":51.018619537353519,"orthographic":true}