{"cameraMode":{"drawMode":0,"name":"Shaded","section":"Shading Mode"},"sceneLighting":false,"audioPlay":false,"sceneViewState":{"showFog":true,"showMaterialUpdate":false,"showSkybox":false,"showFlares":true,"showImageEffects":true,"showParticleSystems":true},"in2DMode":false,"pivot":{"x":2.850238561630249,"y":4.954842567443848,"z":62.8157844543457},"rotation":{"x":-0.13483993709087373,"y":0.03030124120414257,"z":-0.004203653894364834,"w":-0.9904541373252869},"size":11.292811393737793,"orthographic":true}