{"cameraMode":{"drawMode":0,"name":"Shaded","section":"Shading Mode"},"sceneLighting":false,"audioPlay":false,"sceneViewState":{"showFog":true,"showMaterialUpdate":false,"showSkybox":false,"showFlares":true,"showImageEffects":true,"showParticleSystems":true},"in2DMode":false,"pivot":{"x":6.577733993530273,"y":1.4691493511199952,"z":-1.704498529434204},"rotation":{"x":-0.37186163663864138,"y":0.2688130736351013,"z":-0.1135282889008522,"w":-0.8812985420227051},"size":5.077613830566406,"orthographic":true}