{"cameraMode":{"drawMode":0,"name":"Shaded","section":"Shading Mode"},"sceneLighting":false,"audioPlay":false,"sceneViewState":{"showFog":true,"showMaterialUpdate":false,"showSkybox":false,"showFlares":true,"showImageEffects":true,"showParticleSystems":true},"in2DMode":false,"pivot":{"x":-26.940000534057618,"y":1.0,"z":7.71999979019165},"rotation":{"x":0.09346050024032593,"y":0.2351703643798828,"z":-0.022651925683021547,"w":0.9672415852546692},"size":0.43360599875450137,"orthographic":true}