{"cameraMode":{"drawMode":0,"name":"Shaded","section":"Shading Mode"},"sceneLighting":true,"audioPlay":false,"sceneViewState":{"showFog":true,"showMaterialUpdate":false,"showSkybox":true,"showFlares":true,"showImageEffects":true,"showParticleSystems":true},"in2DMode":false,"pivot":{"x":-9.402599334716797,"y":0.4481077492237091,"z":7.435546875},"rotation":{"x":0.49456876516342165,"y":0.023001179099082948,"z":-0.012968026101589203,"w":0.868807315826416},"size":17.794231414794923,"orthographic":true}