{"cameraMode":{"drawMode":0,"name":"Shaded","section":"Shading Mode"},"sceneLighting":true,"audioPlay":false,"sceneViewState":{"showFog":true,"showMaterialUpdate":false,"showSkybox":true,"showFlares":true,"showImageEffects":true,"showParticleSystems":true},"in2DMode":false,"pivot":{"x":-1.816499948501587,"y":8.461542129516602,"z":-7.438799858093262},"rotation":{"x":0.4845678210258484,"y":0.5152322053909302,"z":-0.47951656579971316,"w":0.5196352601051331},"size":27.043245315551759,"orthographic":true}