{"cameraMode":{"drawMode":0,"name":"Shaded","section":"Shading Mode"},"sceneLighting":false,"audioPlay":false,"sceneViewState":{"showFog":true,"showMaterialUpdate":false,"showSkybox":false,"showFlares":true,"showImageEffects":true,"showParticleSystems":true},"in2DMode":false,"pivot":{"x":-31.285396575927736,"y":2.246318817138672,"z":12.25068473815918},"rotation":{"x":-0.17240233719348908,"y":-0.7678683996200562,"z":0.23151667416095735,"w":-0.5719701647758484},"size":8.42059326171875,"orthographic":true}