{"cameraMode":{"drawMode":0,"name":"Shaded","section":"Shading Mode"},"sceneLighting":false,"audioPlay":false,"sceneViewState":{"showFog":true,"showMaterialUpdate":false,"showSkybox":false,"showFlares":true,"showImageEffects":true,"showParticleSystems":true},"in2DMode":false,"pivot":{"x":0.004646331071853638,"y":-0.022211551666259767,"z":0.014026165008544922},"rotation":{"x":0.055435407906770709,"y":0.7291149497032166,"z":-0.05936666205525398,"w":0.6796355843544006},"size":1.9937998056411744,"orthographic":true}