{"cameraMode":{"drawMode":0,"name":"Shaded","section":"Shading Mode"},"sceneLighting":true,"audioPlay":false,"sceneViewState":{"showFog":true,"showMaterialUpdate":false,"showSkybox":true,"showFlares":true,"showImageEffects":true,"showParticleSystems":true},"in2DMode":false,"pivot":{"x":16.27702522277832,"y":-4.164753437042236,"z":-4.577151775360107},"rotation":{"x":0.47638440132141116,"y":-0.030164940282702447,"z":0.016725610941648485,"w":0.8786895871162415},"size":20.284503936767579,"orthographic":false}