{"cameraMode":{"drawMode":0,"name":"Shaded","section":"Shading Mode"},"sceneLighting":false,"audioPlay":false,"sceneViewState":{"showFog":true,"showMaterialUpdate":false,"showSkybox":false,"showFlares":true,"showImageEffects":true,"showParticleSystems":true},"in2DMode":false,"pivot":{"x":-18.3250732421875,"y":2.64501953125,"z":-0.376953125},"rotation":{"x":-0.13483993709087373,"y":0.03030124120414257,"z":-0.004203653894364834,"w":-0.9904541373252869},"size":5.579657077789307,"orthographic":true}