{"cameraMode":{"drawMode":0,"name":"Shaded","section":"Shading Mode"},"sceneLighting":false,"audioPlay":false,"sceneViewState":{"showFog":true,"showMaterialUpdate":false,"showSkybox":false,"showFlares":true,"showImageEffects":true,"showParticleSystems":true},"in2DMode":false,"pivot":{"x":-0.05640330910682678,"y":0.15161608159542085,"z":0.08255480229854584},"rotation":{"x":-0.00010882790957111865,"y":0.9996588230133057,"z":-0.027307607233524324,"w":-0.002700322773307562},"size":0.25138720870018008,"orthographic":false}