{"cameraMode":{"drawMode":0,"name":"Shaded","section":"Shading Mode"},"sceneLighting":false,"audioPlay":false,"sceneViewState":{"showFog":true,"showMaterialUpdate":false,"showSkybox":false,"showFlares":true,"showImageEffects":true,"showParticleSystems":true},"in2DMode":false,"pivot":{"x":-31.373327255249025,"y":0.15401074290275575,"z":12.329477310180664},"rotation":{"x":-0.1261914223432541,"y":-0.7925782203674316,"z":0.1754298359155655,"w":-0.5702803730964661},"size":0.12116988003253937,"orthographic":true}