{"cameraMode":{"drawMode":0,"name":"Shaded","section":"Shading Mode"},"sceneLighting":true,"audioPlay":false,"sceneViewState":{"showFog":true,"showMaterialUpdate":false,"showSkybox":true,"showFlares":true,"showImageEffects":true,"showParticleSystems":true},"in2DMode":false,"pivot":{"x":-0.42746660113334658,"y":0.41044455766677859,"z":1.6125826835632325},"rotation":{"x":0.23093315958976746,"y":-0.7396011352539063,"z":0.3125237822532654,"w":0.5499228835105896},"size":4.4437255859375,"orthographic":false}