{"cameraMode":{"drawMode":0,"name":"Shaded","section":"Shading Mode"},"sceneLighting":true,"audioPlay":false,"sceneViewState":{"showFog":true,"showMaterialUpdate":false,"showSkybox":true,"showFlares":true,"showImageEffects":true,"showParticleSystems":true},"in2DMode":false,"pivot":{"x":166.68435668945313,"y":145.4504852294922,"z":0.0},"rotation":{"x":0.08420061320066452,"y":-0.01790253259241581,"z":0.0018134246347472072,"w":0.9964000582695007},"size":367.9433898925781,"orthographic":false}