{"cameraMode":{"drawMode":0,"name":"Shaded","section":"Shading Mode"},"sceneLighting":false,"audioPlay":false,"sceneViewState":{"showFog":true,"showMaterialUpdate":false,"showSkybox":false,"showFlares":true,"showImageEffects":true,"showParticleSystems":true},"in2DMode":false,"pivot":{"x":-31.335350036621095,"y":0.25073444843292239,"z":12.173968315124512},"rotation":{"x":0.1183445155620575,"y":0.7358629703521729,"z":-0.1328042894601822,"w":0.6535578370094299},"size":1.0542733669281006,"orthographic":false}