{"cameraMode":{"drawMode":0,"name":"Shaded","section":"Shading Mode"},"sceneLighting":false,"audioPlay":false,"sceneViewState":{"showFog":true,"showMaterialUpdate":false,"showSkybox":false,"showFlares":true,"showImageEffects":true,"showParticleSystems":true},"in2DMode":false,"pivot":{"x":-0.2455887794494629,"y":2.186858654022217,"z":0.7455887794494629},"rotation":{"x":0.345573753118515,"y":0.0026692592073231937,"z":-0.0005279281758703291,"w":0.9385042190551758},"size":21.937938690185548,"orthographic":false}