{"cameraMode":{"drawMode":0,"name":"Shaded","section":"Shading Mode"},"sceneLighting":false,"audioPlay":false,"sceneViewState":{"showFog":true,"showMaterialUpdate":false,"showSkybox":false,"showFlares":true,"showImageEffects":true,"showParticleSystems":true},"in2DMode":false,"pivot":{"x":0.027550339698791505,"y":0.34146955609321597,"z":0.09598357230424881},"rotation":{"x":-0.09272205829620362,"y":0.9009959101676941,"z":-0.24554620683193208,"w":-0.3461449146270752},"size":1.742522120475769,"orthographic":true}