{"cameraMode":{"drawMode":0,"name":"Shaded","section":"Shading Mode"},"sceneLighting":false,"audioPlay":false,"sceneViewState":{"showFog":true,"showMaterialUpdate":false,"showSkybox":false,"showFlares":true,"showImageEffects":true,"showParticleSystems":true},"in2DMode":false,"pivot":{"x":-1.0966167449951172,"y":2.9166853427886965,"z":-1.3765685558319092},"rotation":{"x":0.26713043451309206,"y":-0.287823349237442,"z":0.08401430398225784,"w":0.915887176990509},"size":23.464426040649415,"orthographic":true}