{"cameraMode":{"drawMode":0,"name":"Shaded","section":"Shading Mode"},"sceneLighting":false,"audioPlay":false,"sceneViewState":{"showFog":true,"showMaterialUpdate":false,"showSkybox":false,"showFlares":true,"showImageEffects":true,"showParticleSystems":true},"in2DMode":false,"pivot":{"x":0.000279746949672699,"y":0.22888918220996858,"z":0.005412183701992035},"rotation":{"x":0.1183445155620575,"y":0.7358629703521729,"z":-0.1328042894601822,"w":0.6535578370094299},"size":0.8392921090126038,"orthographic":false}