{"cameraMode":{"drawMode":0,"name":"Shaded","section":"Shading Mode"},"sceneLighting":false,"audioPlay":false,"sceneViewState":{"showFog":true,"showMaterialUpdate":false,"showSkybox":false,"showFlares":true,"showImageEffects":true,"showParticleSystems":true},"in2DMode":false,"pivot":{"x":-20.62581443786621,"y":5.116616725921631,"z":13.54687786102295},"rotation":{"x":-0.13483993709087373,"y":0.03030124120414257,"z":-0.004203653894364834,"w":-0.9904541373252869},"size":85.56159210205078,"orthographic":true}