{"cameraMode":{"drawMode":0,"name":"Shaded","section":"Shading Mode"},"sceneLighting":false,"audioPlay":false,"sceneViewState":{"showFog":true,"showMaterialUpdate":false,"showSkybox":false,"showFlares":true,"showImageEffects":true,"showParticleSystems":true},"in2DMode":false,"pivot":{"x":0.36303791403770449,"y":0.16699860990047456,"z":-0.0016770213842391968},"rotation":{"x":0.010554615408182145,"y":0.501204252243042,"z":0.005717706400901079,"w":-0.8653608560562134},"size":0.40416577458381655,"orthographic":false}