{"cameraMode":{"drawMode":0,"name":"Shaded","section":"Shading Mode"},"sceneLighting":true,"audioPlay":false,"sceneViewState":{"showFog":true,"showMaterialUpdate":false,"showSkybox":true,"showFlares":true,"showImageEffects":true,"showParticleSystems":true},"in2DMode":false,"pivot":{"x":1.7491344213485718,"y":0.40393489599227908,"z":-7.0262837409973148},"rotation":{"x":-0.1643359661102295,"y":-0.49443551898002627,"z":0.09417083114385605,"w":-0.8485927581787109},"size":20.12748146057129,"orthographic":false}