{"cameraMode":{"drawMode":0,"name":"Shaded","section":"Shading Mode"},"sceneLighting":true,"audioPlay":false,"sceneViewState":{"showFog":true,"showMaterialUpdate":false,"showSkybox":true,"showFlares":true,"showImageEffects":true,"showParticleSystems":true},"in2DMode":false,"pivot":{"x":-8.18606185913086,"y":0.22888918220996858,"z":6.307717323303223},"rotation":{"x":0.029907168820500375,"y":0.735950231552124,"z":-0.6757668256759644,"w":0.031983811408281329},"size":29.966327667236329,"orthographic":false}