{"cameraMode":{"drawMode":0,"name":"Shaded","section":"Shading Mode"},"sceneLighting":false,"audioPlay":false,"sceneViewState":{"showFog":true,"showMaterialUpdate":false,"showSkybox":false,"showFlares":true,"showImageEffects":true,"showParticleSystems":true},"in2DMode":false,"pivot":{"x":-1.0808128118515015,"y":2.53756046295166,"z":-0.09329330921173096},"rotation":{"x":0.3413746953010559,"y":-0.29308006167411806,"z":0.11300604045391083,"w":0.8859512805938721},"size":25.373781204223634,"orthographic":true}