{"cameraMode":{"drawMode":0,"name":"Shaded","section":"Shading Mode"},"sceneLighting":true,"audioPlay":false,"sceneViewState":{"showFog":true,"showMaterialUpdate":false,"showSkybox":true,"showFlares":true,"showImageEffects":true,"showParticleSystems":true},"in2DMode":false,"pivot":{"x":-2.144303321838379,"y":0.9820879697799683,"z":-0.5998361110687256},"rotation":{"x":-0.09286577254533768,"y":-0.0209809560328722,"z":0.0015151079278439284,"w":-0.9955537915229797},"size":22.0,"orthographic":false}