{"cameraMode":{"drawMode":0,"name":"Shaded","section":"Shading Mode"},"sceneLighting":false,"audioPlay":false,"sceneViewState":{"showFog":true,"showMaterialUpdate":false,"showSkybox":false,"showFlares":true,"showImageEffects":true,"showParticleSystems":true},"in2DMode":false,"pivot":{"x":-0.05576607584953308,"y":0.18427887558937074,"z":-0.08505156636238098},"rotation":{"x":0.05231085419654846,"y":-0.40301263332366946,"z":0.023352842777967454,"w":0.9135501980781555},"size":0.6304787397384644,"orthographic":false}