{"cameraMode":{"drawMode":0,"name":"Shaded","section":"Shading Mode"},"sceneLighting":false,"audioPlay":false,"sceneViewState":{"showFog":true,"showMaterialUpdate":false,"showSkybox":false,"showFlares":true,"showImageEffects":true,"showParticleSystems":true},"in2DMode":false,"pivot":{"x":-26.940000534057618,"y":1.0,"z":7.719999313354492},"rotation":{"x":0.34005558490753176,"y":0.3772376477718353,"z":-0.15120381116867066,"w":0.8481143712997437},"size":8.573651313781739,"orthographic":true}