{"cameraMode":{"drawMode":0,"name":"Shaded","section":"Shading Mode"},"sceneLighting":true,"audioPlay":false,"sceneViewState":{"showFog":true,"showMaterialUpdate":false,"showSkybox":true,"showFlares":true,"showImageEffects":true,"showParticleSystems":true},"in2DMode":false,"pivot":{"x":-5.710484504699707,"y":2.7321739196777345,"z":-21.02827262878418},"rotation":{"x":0.3464997410774231,"y":0.35518506169319155,"z":-0.14328128099441529,"w":0.8564146757125855},"size":18.716100692749025,"orthographic":true}