{"cameraMode":{"drawMode":0,"name":"Shaded","section":"Shading Mode"},"sceneLighting":true,"audioPlay":false,"sceneViewState":{"showFog":true,"showMaterialUpdate":false,"showSkybox":true,"showFlares":true,"showImageEffects":true,"showParticleSystems":true},"in2DMode":false,"pivot":{"x":6.6623215675354,"y":0.15700125694274903,"z":5.100808620452881},"rotation":{"x":-0.20463895797729493,"y":-0.6974803805351257,"z":0.21724539995193482,"w":-0.6517922282218933},"size":17.629806518554689,"orthographic":false}