{"cameraMode":{"drawMode":0,"name":"Shaded","section":"Shading Mode"},"sceneLighting":false,"audioPlay":false,"sceneViewState":{"showFog":true,"showMaterialUpdate":false,"showSkybox":false,"showFlares":true,"showImageEffects":true,"showParticleSystems":true},"in2DMode":false,"pivot":{"x":-27.440000534057618,"y":2.5999999046325685,"z":2.440000057220459},"rotation":{"x":0.32455405592918398,"y":-0.40815651416778567,"z":0.15804748237133027,"w":0.8385694622993469},"size":14.289420127868653,"orthographic":true}