{"cameraMode":{"drawMode":0,"name":"Shaded","section":"Shading Mode"},"sceneLighting":false,"audioPlay":false,"sceneViewState":{"showFog":true,"showMaterialUpdate":false,"showSkybox":false,"showFlares":true,"showImageEffects":true,"showParticleSystems":true},"in2DMode":false,"pivot":{"x":-31.335350036621095,"y":0.25073444843292239,"z":12.173968315124512},"rotation":{"x":0.32800471782684328,"y":0.6403716802597046,"z":-0.349520742893219,"w":0.6003721952438355},"size":1.0542733669281006,"orthographic":false}