{"cameraMode":{"drawMode":0,"name":"Shaded","section":"Shading Mode"},"sceneLighting":false,"audioPlay":false,"sceneViewState":{"showFog":true,"showMaterialUpdate":false,"showSkybox":false,"showFlares":true,"showImageEffects":true,"showParticleSystems":true},"in2DMode":false,"pivot":{"x":-31.76763916015625,"y":-74.05693054199219,"z":-34.64183044433594},"rotation":{"x":0.05234590172767639,"y":0.7171056270599365,"z":-0.054051171988248828,"w":0.6929798126220703},"size":838.0949096679688,"orthographic":true}