{"cameraMode":{"drawMode":0,"name":"Shaded","section":"Shading Mode"},"sceneLighting":true,"audioPlay":false,"sceneViewState":{"showFog":true,"showMaterialUpdate":false,"showSkybox":true,"showFlares":true,"showImageEffects":true,"showParticleSystems":true},"in2DMode":false,"pivot":{"x":239.01287841796876,"y":143.44854736328126,"z":0.0},"rotation":{"x":0.10263113677501679,"y":-0.11372750252485275,"z":0.011921210214495659,"w":0.9881864786148071},"size":340.6653137207031,"orthographic":true}