{"cameraMode":{"drawMode":0,"name":"Shaded","section":"Shading Mode"},"sceneLighting":false,"audioPlay":false,"sceneViewState":{"showFog":true,"showMaterialUpdate":false,"showSkybox":false,"showFlares":true,"showImageEffects":true,"showParticleSystems":true},"in2DMode":false,"pivot":{"x":-12.442571640014649,"y":70.28897857666016,"z":51.525577545166019},"rotation":{"x":-0.3199360966682434,"y":0.6754150390625,"z":-0.4268270432949066,"w":-0.5096023678779602},"size":280.44091796875,"orthographic":false}