{"cameraMode":{"drawMode":0,"name":"Shaded","section":"Shading Mode"},"sceneLighting":true,"audioPlay":false,"sceneViewState":{"showFog":true,"showMaterialUpdate":false,"showSkybox":true,"showFlares":true,"showImageEffects":true,"showParticleSystems":true},"in2DMode":false,"pivot":{"x":1.1389857530593873,"y":1.5505056381225587,"z":-1.4081951379776},"rotation":{"x":0.6594234108924866,"y":-0.011945480480790139,"z":0.012004225514829159,"w":0.7518664002418518},"size":7.1901373863220219,"orthographic":false}