{"cameraMode":{"drawMode":0,"name":"Shaded","section":"Shading Mode"},"sceneLighting":false,"audioPlay":false,"sceneViewState":{"showFog":true,"showMaterialUpdate":false,"showSkybox":false,"showFlares":true,"showImageEffects":true,"showParticleSystems":true},"in2DMode":false,"pivot":{"x":-0.9325981736183167,"y":1.7604494094848633,"z":-0.09942913055419922},"rotation":{"x":0.345573753118515,"y":0.0026692592073231937,"z":-0.0005279281758703291,"w":0.9385042190551758},"size":20.509334564208986,"orthographic":false}