{"cameraMode":{"drawMode":0,"name":"Shaded","section":"Shading Mode"},"sceneLighting":true,"audioPlay":false,"sceneViewState":{"showFog":true,"showMaterialUpdate":false,"showSkybox":true,"showFlares":true,"showImageEffects":true,"showParticleSystems":true},"in2DMode":false,"pivot":{"x":7.292321681976318,"y":0.9350012540817261,"z":5.6208086013793949},"rotation":{"x":0.596418023109436,"y":0.05127768963575363,"z":-0.03807321935892105,"w":0.8002044558525086},"size":19.393949508666993,"orthographic":false}