{"cameraMode":{"drawMode":0,"name":"Shaded","section":"Shading Mode"},"sceneLighting":false,"audioPlay":false,"sceneViewState":{"showFog":true,"showMaterialUpdate":false,"showSkybox":false,"showFlares":true,"showImageEffects":true,"showParticleSystems":true},"in2DMode":false,"pivot":{"x":0.36399999260902407,"y":0.16699999570846559,"z":0.0},"rotation":{"x":-0.26973894238471987,"y":-0.7274352312088013,"z":0.4847593605518341,"w":-0.4040766656398773},"size":0.40416577458381655,"orthographic":false}