{"cameraMode":{"drawMode":0,"name":"Shaded","section":"Shading Mode"},"sceneLighting":false,"audioPlay":false,"sceneViewState":{"showFog":true,"showMaterialUpdate":false,"showSkybox":false,"showFlares":true,"showImageEffects":true,"showParticleSystems":true},"in2DMode":false,"pivot":{"x":0.4096825122833252,"y":0.6411049365997315,"z":4.111868381500244},"rotation":{"x":-0.13483993709087373,"y":0.03030124120414257,"z":-0.004203653894364834,"w":-0.9904541373252869},"size":4.904208183288574,"orthographic":true}